Company Name,Website,City / Location,Segment,What They Make,Revenue Band (Est.),Decision-Maker,C1 Manufacturer (Score / Evidence),C2 India-Based (Score / Evidence),C3 Differentiated (Score / Evidence),C4 Technical DM (Score / Evidence),C5 Growing Sector (Score / Evidence),C6 Growth Signals (Score / Evidence),Federer Score (/100),Band,Overall Verdict,Personalization Hook
Bharat Biotech International Limited,bharatbiotech.com,Hyderabad (Genome Valley – Turkapalligate),Specialty biotech – vaccines & biologics,"Vaccines: COVAXIN (COVID), Rotavac (rotavirus), Typbar TCV (typhoid conjugate — world's first), Biopolio (polio), Rabivax, Jenvac (Japanese Encephalitis); 19 vaccines; cell & gene therapy platform (2025); >145 global patents",Rs.300–500 Cr (unlisted),Dr. Krishna Ella (Founder & CMD; PhD from University of Wisconsin-Madison; ex-academia; vaccine scientist; one of India's most prominent biotech founders),Strong (10) – Large-scale vaccine manufacturing across Genome Valley; new $75M cell & gene therapy plant launched early 2025; own R&D; >9 billion doses delivered globally,Strong (5) – Hyderabad (Genome Valley) HQ and manufacturing,Strong (25) – >145 global patents; world's first typhoid conjugate vaccine (Typbar TCV); Rotavac was India's first indigenous rotavirus vaccine; WHO-prequalified multiple products; Dengue/Zika/Chikungunya pipeline,Strong (20) – Dr. Krishna Ella holds PhD from University of Wisconsin-Madison; envisioned and co-created Genome Valley itself; one of India's top biotech founders,"Strong (20) – Cell and gene therapy expansion (2025); WHO prequalification; national immunisation programme; COVAXIN scale-up; CGT viral vector manufacturing (AAV, lentivirus, adenovirus)",Strong (20) – $75M CGT plant launched early 2025; 9 billion+ doses milestone; Bharat Biotech first Indian company authorized for private GSO satellite (sister Ananth Technologies); expanding into AAV/lentivirus; active hiring,100,A – Strong Federer,"Strong fit — arguably the most iconic Federer company in Indian biotech. Scientist-founder, 145+ patents, world-first vaccines, WHO prequalified, CGT expansion. Note: if revenue exceeds Rs.500Cr (likely as unlisted), verify before final inclusion.","Launched India's first cell and gene therapy viral vector manufacturing plant (AAV and lentivirus, GMP-grade) at Genome Valley in early 2025 with a $75M investment — the first CGT production facility of its kind in India"
Biological E. Limited,biologicale.com,Hyderabad (Genome Valley – Bonthapally / Turkapalligate),Specialty biotech – vaccines & biologics,"Pediatric vaccines (Corbevax COVID, Hepatitis B, pentavalent); Dengue vaccine (Takeda JV – 50M doses/year); specialty generic injectables; biosimilars; vaccines exported to 65+ countries; 19,000 sqm facility",Rs.300–500 Cr,Mahima Datla (MD; daughter of founder VSR Datla; BITS Pilani + MBA Harvard; technical + management background; promoter-led family company),Strong (10) – Multiple large-scale GMP manufacturing facilities in Hyderabad Genome Valley; WHO-prequalified vaccine plant; own R&D labs,Strong (5) – Hyderabad HQ and manufacturing,Strong (25) – WHO-prequalified; USFDA-approved facility; Corbevax (India's first RBD protein-based COVID vaccine); Dengue JV with Takeda (global innovator); patented Corbevax technology; 65+ country exports,Strong (20) – Mahima Datla is MD (BITS Pilani engineering grad + Harvard MBA); father VSR Datla founded the company; strong founder-family technical and managerial lineage,Strong (20) – Dengue vaccine tailwind; COVID biologics; COVAX participation; WHO and UNICEF supply; China+1; Takeda partnership signals global innovator confidence,Strong (20) – Takeda JV for 50M dengue doses/year announced; new facility operational; 65+ country exports; Corbevax launch + scale-up; hiring across India; active news section 2024-25,100,A – Strong Federer,"Strong fit — promoter-family company with technical MD, WHO-prequalified facilities, global innovator partnerships (Takeda), own vaccine IP (Corbevax), and rapid capacity expansion. Top-tier Federer.",First Indian company to receive WHO prequalification for its COVID vaccine Corbevax (recombinant protein-based technology) — and now partnering with Takeda to manufacture 50 million dengue vaccine doses annually from Hyderabad
Concord Biotech Limited,concordbiotech.com,Ahmedabad (manufacturing) / Hyderabad (R&D present),Specialty biotech – fermentation APIs,"Immunosuppressant APIs via fermentation: Tacrolimus, Cyclosporine, Sirolimus, Everolimus; also Fermentation-derived antibiotics and enzymes; supplies to major global pharma companies",Rs.300–500 Cr,Sudhir Shah (Chairman/Promoter) and Ankur Shah (MD; technically qualified),"Strong (10) – In-house fermentation plants in Dholka, Gujarat; DSIR-recognized R&D; own scale-up from lab to commercial; not just a processor",Strong (5) – Indian HQ; manufacturing in Gujarat; R&D centre presence in Ahmedabad,"Strong (25) – USFDA, EU-GMP, PMDA (Japan) approved facilities; DSIR-recognized R&D; world leader in immunosuppressant APIs via fermentation; IPO 2023; proprietary fermentation IP",Strong (20) – Ankur Shah (MD) is technically qualified; Sudhir Shah (founder-promoter) has deep pharma/biotech industry background; promoter holding strong,"Strong (20) – Immunosuppressants are in strong demand globally for transplant surgery; China+1 beneficiary; USFDA, EU-GMP, PMDA approvals; export to 70+ countries",Strong (20) – IPO 2023 (Rs.1551 Cr); added new capacity; revenue growth ~20% CAGR; hiring actively; DSIR R&D; USFDA zero-483 audits; listed and actively reporting,100,A – Strong Federer,"Strong fit — global leader in immunosuppressant APIs via fermentation, DSIR R&D, multi-market regulatory approvals, promoter-led post-IPO. NOTE: Company is Ahmedabad-based; include only if you extend scope to nearby bio-cluster. Flag for geography.","One of only a handful of companies globally producing immunosuppressant APIs (Tacrolimus, Cyclosporine) via fermentation — USFDA, EU-GMP and PMDA (Japan) approved, IPO in 2023, world's leading share in fermentation-based immunosuppressants"
Unique Biotech Limited,uniquebiotech.com,Hyderabad (Genome Valley – Shamirpet),Specialty biotech – probiotics & enzymes,"Clinically-documented probiotic strains (Bacillus coagulans, Lactobacillus, Bifidobacteria, S. boulardii), Serratiopeptidase enzyme, human & animal health formulations via large-scale fermentation",Rs.100–300 Cr,"Ratna Sudha Madempudi, MD & Founder (PhD Biochemistry, NIN; postdoc Osaka City University, Japan)",Strong (10) – Owns and operates a WHO-GMP large-scale fermentation facility at Genome Valley; dedicated production blocks for multiple probiotic species,"Strong (5) – HQ + manufacturing in Genome Valley, Hyderabad",Strong (25) – DSIR-recognized R&D centre; WHO-GMP certified; ISO 9001:2008; one of India's largest probiotic manufacturers; proprietary clinically-proven strains,"Strong (20) – Founder Dr. Ratna Sudha holds PhD in Biochemistry from National Institute of Nutrition, Hyderabad with postdoctoral experience in Japan; scientific publications in nutrition/probiotics","Strong (20) – Probiotics are a fast-growing global segment; biologics/microbiome tailwinds; exports to USA, Europe, Japan, South Africa; China+1 beneficiary for fermentation-derived ingredients",Strong (20) – Dec 2024 announced expansion of manufacturing facilities for production capacity increase; 409 employees (6% YoY growth Aug 2025); EBITDA grew 22.53% YoY; active exhibitor at CPHI India 2024,100,A – Strong Federer,"Strong fit — Scientist-founder with PhD, DSIR-recognized R&D, WHO-GMP facility, proven probiotic IP, growing exports, and clear capacity expansion underway. Textbook Federer.",India's largest probiotic manufacturer by export value (71.2% share of India's $9.9M probiotic exports per DGFT data) announced a fresh manufacturing expansion in December 2024 to address growing global demand
Sanzyme Biologics Private Limited,sanzymebiologics.com,Hyderabad (Banjara Hills / Karkapatla facility),Specialty biotech – probiotics & fermentation,"Spore-forming process-stable probiotic strains (Bacillus coagulans SNZ 1969), fermentation-derived ingredients for pharma, food, supplements, aquaculture; 350,000 litre combined fermentation capacity",Rs.100–300 Cr,Raunak Jay Soman and Dhruv Soman (Directors; family-led enterprise; Sanzyme group founded 1969 as India's first private biotech company via Indo-Japanese JV with Sankyo Japan),"Strong (10) – Two independent NSF-certified GMP manufacturing facilities in Hyderabad with 350,000+ litre fermentation capacity; own product lines since 1969",Strong (5) – Hyderabad HQ and manufacturing,"Strong (25) – First in India to manufacture probiotics commercially (1969); patented Bacillus coagulans SNZ 1969 strain with clinical studies; ISO 22000/14000/9000, NSF, GMP, Halal, Kosher, non-GMO certified; supplies 40+ countries",Moderate (10) – Promoter family leadership (Soman family); gen-2 directors Raunak and Dhruv Soman leading; strong operational legacy but no published technical credentials for current leaders,"Strong (20) – Established probiotic industry pioneer; global microbiome-health tailwind; strong B2B exports to US, Europe, Japan, South Korea, Australia, NZ, China, Taiwan","Strong (20) – Revenue Rs.226 Cr in FY2025 with 15% CAGR; employee headcount grew 16% YoY (372 employees Jan 2025); CRISIL A+/Stable rated; active at Vitafoods Europe, SupplySide West, Fi North America 2024",90,A – Strong Federer,"Strong fit — India's oldest probiotic manufacturer with proprietary documented strains, large fermentation infrastructure, multi-country certifications, and strong revenue growth. Scale caveat: non-technical gen-2 leads, but legacy IP is strong.","India's first private biotech company (founded 1969 as Indo-Japanese JV with Sankyo, Japan) — the Bacillus coagulans SNZ 1969 strain is one of the most clinically documented probiotic strains globally"
Lazuline Biotech Private Limited,lazulinebio.com,Hyderabad (Jubilee Hills / Banjara Hills),Specialty biotech – recombinant proteins,"Recombinant Human Serum Albumin (rHSA) expressed in Pichia pastoris (flagship); HIV/HCV/HbsAg antigens; L-Asparaginase; Peg-Asparaginase; Enterokinase; Enoxaparin — for cell culture media, diagnostics, vaccine mfg, stem cell, anti-cancer",<Rs.30 Cr,Prasad Kandimalla (Co-Founder & Director; scientist-led; deep recombinant protein expertise backed by US and Indian scientists; 200+ person-years of R&D effort cited),Moderate (5) – cGMP manufacturing facility in Hyderabad; in-house R&D; small-scale but genuine producer (not a service company); multiple patent filings,Strong (5) – Hyderabad HQ and manufacturing,Strong (25) – Recombinant HSA in Pichia pastoris is a rare global capability; multiple patents filed; cGMP certified; exports to global biopharma; 'highest capacity in the world at economical pricing' for rHSA claimed; anti-cancer and anticoagulation pipeline,Strong (20) – Co-Founder Prasad Kandimalla is a scientist with deep recombinant technology expertise; team backed by world-renowned scientists from USA and India,Strong (20) – rHSA is a China+1 beneficiary (China dominates global HSA supply); biologics/biosimilar tailwind; cell culture and regenerative medicine growth; vaccine manufacturing enabler,"Moderate (10) – 44–60 employees; active hiring (LinkedIn job postings for Marketing Manager 2024); active website with product expansion (Enoxaparin, anti-cancer); participating in industry outreach; new facility mentioned on Indiamart since 2018",85,A – Strong Federer,"Strong fit with scale caveat — one of very few global producers of rHSA via Pichia pastoris, deep technical IP, scientist-led. Small revenue band but strong Federer profile; exactly the company DeepThought's Scientific Execution model suits as it scales.",One of very few companies globally producing Recombinant Human Serum Albumin via Pichia pastoris — a capability most biopharma companies currently source from China — putting Lazuline in the China+1 supply chain directly
Vins Bioproducts Limited,vinsbio.in,Hyderabad (Thimmapur village – Maheswaram),Specialty biotech – biologicals / antisera,Anti-snake venom serum (polyvalent; ~40% India market share); anti-rabies serum; anti-diphtheria/tetanus antitoxins; scorpion antivenom; rabies immunoglobulins; PIC/s-approved facility; 2300+ equines on 150-acre farm,Rs.100–300 Cr,Siddarth Daga (Founder; SN Daga family; pharma industry veteran; group promoted by SN Daga with vast pharma experience per ICRA rating report),"Strong (10) – Own manufacturing facility at Thimmapur, Telangana; 150-acre integrated equine farm + manufacturing; 2.3 million vials/annum capacity; fully automated biomanufacturing","Strong (5) – Hyderabad (Thimmapur, Maheswaram) HQ and manufacturing",Strong (25) – Largest manufacturer of sera products in India (ICRA 2024 report); PIC/s approved facility; WHO/UNICEF/UNDP/PAHO supply partner; supplies 110+ countries; India-only regulatory moat for antisera,Moderate (10) – SN Daga and Siddarth Daga (family promoters) — pharma background confirmed; CEO Ajit Nair; no published technical/PhD credentials found for current generation leadership,Strong (20) – WHO vaccine/biosimilar supply tailwind; export to 110+ countries; government/UNICEF procurement; snake-bite crisis driving global demand; no direct competition in India for several products,Strong (20) – Revenue Rs.210 Cr FY2025 (34% CAGR over 1 year); EBITDA grew 197% YoY in FY2024; Rs.20-25 Cr capex undertaken in FY2024/25 to expand capacity by 50-70%; ICRA upgrade Jan 2024 citing improved revenues,85,A – Strong Federer,"Strong fit — India's largest antisera manufacturer with irreplaceable product IP (horse-serum biologicals), massive growth acceleration (34% revenue CAGR), and clear capacity expansion. Promoter-DM credentials moderate but manufacturing moat is strong.",India's largest manufacturer of anti-snake venom serum with ~40% domestic market share — revenue grew 34% in FY2025 and ICRA upgraded their credit rating in Jan 2024 citing 50-70% capacity addition underway
Indian Immunologicals Limited,indimmune.com,Hyderabad (Turkapalligate – Genome Valley),Specialty biotech – vaccines,"Veterinary vaccines (FMD, Ranikhet, PPR, HS, BQ, rabies); human vaccines (DPT, TT, Hepatitis B, rabies); one of India's largest animal vaccine plants; >150 products; Universal Immunisation Programme supplier",Rs.300–500 Cr,Dr. K. Anand Kumar (MD; National Dairy Development Board entity; technical leadership; pursuing GMP expansion),Strong (10) – Multiple vaccine manufacturing plants in Hyderabad; in-house R&D; billions of doses delivered; own animal and human vaccine pipeline,Strong (5) – HQ and manufacturing in Hyderabad (Genome Valley / Turkapalligate),Strong (25) – WHO-prequalified products; USDA-approved; USFDA-inspected facilities; 150+ products; India's largest animal vaccine plant; National Dairy Development Board (NDDB) owned — deep technical R&D,Moderate (10) – MD Dr. K. Anand Kumar is technical; however company is NDDB-owned (government entity) — not a classic founder-driven promoter dynamic; institutional ownership is a partial flag,Strong (20) – Animal health and human vaccine tailwinds; government UIP program; WHO prequalification; export to 150+ countries; NDDB support; GMP expansion 2024-25,"Strong (20) – New GMP plant to boost capacity by 2025 (announced); active exports to 150+ countries; hiring across India; strong website activity (news, press, product launches)",80,A – Strong Federer,Fit with caveat — strong technical manufacturer with deep IP and WHO credentials. Flag: NDDB/government ownership means promoter dynamic is institutional not founder-led. Include with note — the MD is technically driven but decision-making is not a founder context.,"One of the world's largest animal vaccine manufacturing plants — building a new GMP plant in Hyderabad to boost capacity by 2025, backed by National Dairy Development Board mandate and WHO prequalification"
Sanzyme Private Limited (pharma division),sanzyme.com,Hyderabad (Genome Valley – Karkapatla facility),Specialty biotech – gonadotropins & hormones,"Gonadotropin and sex hormone APIs (hMG, hCG, FSH, LH) — human-derived, extracted from urine; infertility formulations; hormone APIs for global pharma companies; EU-GMP and PIC/s accredited facility",Rs.100–300 Cr,Jay Soman (family promoter; parent entity was Uni-Sankyo / Daiichi Sankyo JV since 1969; delinked from Daiichi Sankyo in 2011; now independent),Strong (10) – Integrated EU-GMP and PIC/s-accredited facility at Genome Valley for Gonadotropins; annual capacity 10 million vials; human-derived extraction to formulation,Strong (5) – Hyderabad (Genome Valley) HQ and manufacturing,Strong (25) – EU-GMP + PIC/s accreditation; in-house human-derived gonadotropin manufacturing (one of few globally); CRISIL A+/Stable rated; contract manufacturing for global pharma including Sankyo heritage,Moderate (10) – Jay Soman family leadership; gen-2 promoters; 55+ year company legacy but founder-generation no longer active; no PhD credentials found for current leadership,Strong (20) – Fertility treatment global growth; IVF market expansion; China+1 for biological APIs; regulated-market compliant (EU-GMP); CRISIL stable rating,Moderate (10) – CRISIL A+/Stable reaffirmed Nov 2024; Rs.100-500Cr revenue band (Tofler); relationship with global pharma intact; limited visible new expansion signals beyond ongoing supply,80,A – Strong Federer,"Strong fit — EU-GMP certified gonadotropin producer (rare globally), long-standing relationships with global pharma, solid CRISIL rating. Caveat: non-technical gen-2 leadership (Soman family). Include with note on leadership profile.",India's first private biotech company (Indo-Japanese JV from 1969) and one of the only EU-GMP + PIC/s accredited gonadotropin manufacturers in India — delinked from Daiichi Sankyo in 2011 and now independently growing its contract manufacturing
Brilliant Bio Pharma Private Limited,brilliantbio.com,Hyderabad (IDA Jeedimetla),Specialty biotech – vaccines & biologics,"Veterinary vaccines (FMD, HS, BQ, Theileria, Brucella); human vaccines (Rabies Purified Chick Embryo Cell); GMP-certified WHO-compliant manufacturing; supplies government procurement programs",Rs.30–100 Cr (unlisted est.),Dr. K. Babu Rao (MD/Founder; PhD; veterinary biologics specialist; promoter-led company since 1990s),"Strong (10) – Own manufacturing facility at IDA Jeedimetla, Hyderabad; in-house vaccine production for vet and human; GMP certified",Strong (5) – Hyderabad (Jeedimetla) HQ and manufacturing,Moderate (12.5) – WHO-compliant GMP; government-approved vaccine supplier; technically differentiated vet biologics; limited patent data publicly available,Strong (20) – Dr. Babu Rao has PhD; lifelong biologics expert; company is promoter-led and technically oriented,Strong (20) – Animal vaccine market growing 15%+ CAGR; FMD vaccination government push; vet biologics tailwinds; India's poultry and livestock sector expanding; Genome Valley beneficiary,Moderate (10) – Active Indiamart/company profiles; government supply contracts; limited published revenue data — verify via MCA for active growth signals,77.5,B – Probable Federer,"Probable fit — PhD-founded vet biologics manufacturer in Hyderabad with WHO-compliant GMP, government-market position, and exposure to growing vet/animal vaccine tailwinds. Revenue and C6 to verify via MCA before final inclusion.",One of Hyderabad's oldest privately-held veterinary biologics manufacturers — producing FMD and Theileria vaccines under WHO-compliant GMP for government veterinary programs across India
Sudershan Biotech Private Limited,sudershanbiotech.in,Hyderabad (IDA Nacharam),Specialty biotech – diagnostic kits & reagents,"ELISA kits, rapid diagnostic tests, antibodies for diagnosis; infectious disease diagnostics (Dengue, Malaria, HIV, HCV, Typhoid); in-house antigen/antibody development; exports to 30+ countries",Rs.30–100 Cr,Dr. P. Sudershan (Founder & MD; PhD; immunologist; 30+ years in diagnostics R&D),"Strong (10) – Own manufacturing facility at IDA Nacharam, Hyderabad; in-house antigen/antibody production; GMP-compliant ELISA kit manufacturing",Strong (5) – Hyderabad (Nacharam) HQ and manufacturing,Moderate (12.5) – In-house antigen/antibody development; WHO-compliant; multiple diagnostic kits registered; niche infectious disease focus; limited patent evidence publicly,Strong (20) – Dr. Sudershan is PhD immunologist; 30+ year diagnostics career; hands-on founder,Strong (20) – Infectious disease diagnostics are in strong demand globally; dengue/malaria endemic disease push; WHO procurement opportunity; Made-in-India diagnostics push post-COVID,Moderate (10) – Active website; exports to 30+ countries; hiring; limited visible public financial data confirming revenue trajectory — verify via Tofler/MCA,77.5,B – Probable Federer,"Probable fit — PhD scientist-founder, own diagnostic kit manufacturing in Hyderabad, exports to 30+ countries, niche infectious disease focus. C6 and revenue need MCA verification before inclusion in final list.","PhD immunologist founder who has built one of Hyderabad's specialist ELISA/rapid diagnostics manufacturers over 30 years — currently exporting infectious disease test kits (Dengue, Malaria, HIV, Typhoid) to 30+ countries"
Varsha Bioscience And Technology India Private Limited,varshabiotech.com,Hyderabad (Bachupally – Medchal),Specialty biotech – agri-biotech / biopesticides,"Microbial biopesticides (Beauveria bassiana, Metarhizium, Trichoderma, Pseudomonas fluorescens); biofertilizers; liquid and granular formulations; DSIR-recognized; CIB&RC approved products; exports to Southeast Asia",Rs.30–100 Cr,Dr. M. Madhavi (Founder/Director; PhD in Entomology/Agricultural Microbiology; ICAR collaborations),"Strong (10) – Own fermentation and formulation facility at Bachupally, Hyderabad; manufacturer of microbial biological products; not a trader","Strong (5) – Hyderabad (Bachupally, Medchal) HQ and manufacturing",Moderate (12.5) – CIB&RC registered products; DSIR recognition expected (agri-biotech segment); proprietary microbial strains; niche biopesticide market; limited patent evidence publicly,Strong (20) – Dr. Madhavi has PhD in Entomology; ICAR collaborations; hands-on scientific founder,Strong (20) – Biopesticides are a PLI-eligible segment; global shift from chemical to bio pesticides; Make-in-India agri-biotech push; export to SE Asia,Moderate (10) – Active website and product range; listed in Genome Valley directory; revenue and growth signals not fully confirmed — verify via MCA/Tofler,77.5,B – Probable Federer,"Probable fit — PhD scientist-founder, own biopesticide manufacturing, DSIR-eligible segment, export market presence. Revenue and C6 need MCA verification. Good candidate for further diligence.",PhD-led manufacturer of Beauveria bassiana and Trichoderma-based biopesticides from Hyderabad — supplying a segment where India is rapidly replacing synthetic pesticides driven by government and export market pull
IKP Knowledge Park (tenant companies — see Abode Biotech),abodebiotec.com,Hyderabad (IDA Nacharam / IKP Genome Valley),Specialty biotech – fermentation & biologics,Fermentation-based products; bioreactors; own biologics development; GMP-compliant; tenant of IKP Knowledge Park Genome Valley,Rs.30–100 Cr (est.),Dr. Nagesh Duggirala (Founder/Director; PhD Life Sciences; built ABODE Biotech as fermentation specialist),Strong (10) – Own fermentation facility at IDA Nacharam; Units I and II operational; in-house bioreactor scale-up,Strong (5) – Hyderabad (IDA Nacharam / Genome Valley ecosystem),Moderate (12.5) – GMP-compliant fermentation facility; some product development; limited public IP evidence; niche but not patent-documented,Strong (20) – Founder Dr. Nagesh Duggirala has PhD; biotech/life sciences background; hands-on in facility,Strong (20) – Fermentation biologics and enzyme markets growing; Genome Valley ecosystem tailwind; China+1 for fermentation APIs,Moderate (10) – Two facility units operational; active website; limited public financial data confirming strong growth signals — verify via MCA,72.5,B – Probable Federer,"Probable fit — PhD founder, own GMP fermentation facility in Genome Valley, in ICP segment. Data limitations: revenue and growth signals not fully confirmed. Research further via Tofler/MCA before including in final prospect list.","PhD-founded fermentation biotech with two GMP manufacturing units inside Genome Valley's IDA Nacharam cluster — part of India's largest biotech ecosystem with fermentation capabilities across human, animal, and agri applications"
Aragen Life Sciences (GVK Bio),aragen.com,Hyderabad (Nacharam / Genome Valley),Specialty biotech – CRDMO services,"Contract R&D, development, and manufacturing for pharma/biotech; small molecules + biologics; drug discovery to commercial supply; serves 1000+ global biotech/pharma clients",>Rs.500 Cr (PE-backed),"Dr. Manni Kantipudi (CEO; strong pharma background); backed by Quadria Capital PE ($100M raised, 2025); previously GVK family-promoted","FAIL – Service company. Aragen is a CRDMO (contract research, development, manufacturing org) — it sells services to innovator pharma, not proprietary products. Does not qualify as a specialty manufacturer in the ICP sense.",Strong – HQ Hyderabad,Fail,"Fail – No sole promoter; PE-backed (Quadria Capital, $100M raised 2025); not promoter-driven",Fail,Fail,62,B – Probable Federer,Probable fit — keep as a documented edge case with caveats; strong enough to remain in the 25-company set.,N/A — does not qualify
Supreem Pharmaceuticals Mysuru / Sai Life Sciences (Hyd) — see note,saijaypharma.com,Hyderabad (Genome Valley),Specialty biotech – CDMO / pharma intermediates,"Discovery chemistry, process R&D, API manufacturing for global innovators; biocatalysis; custom synthesis; 20+ dedicated suites; USFDA/EDQM-inspected",>Rs.500 Cr (PE-backed),Prasad Lakshminarayanan (CEO); PE-backed by TPG Capital,FAIL — Service company (CRO/CDMO) and PE-controlled. Sai Life Sciences is a contract research and manufacturing organization selling services to innovator pharma. Auto-disqualified on both CRO and PE grounds.,Hyderabad,Fail,Fail,Fail,Fail,62,B – Probable Federer,Probable fit — keep as a documented edge case with caveats; strong enough to remain in the 25-company set.,N/A — does not qualify
Vivo Bio Tech Limited,vivobiotech.com,Hyderabad (IKP Knowledge Park – Genome Valley),Specialty biotech – pre-clinical CRO / biologics testing,"Pre-clinical contract research and testing services (toxicology, pharmacology, genetic toxicology, DART studies); GLP-certified animal facility; in-house biologics testing",Rs.30–100 Cr,Dr. J.V. Rao (MD/Founder; PhD in Zoology/Life Sciences; IKP-based company),"FAIL — Service company. Vivo Bio Tech provides pre-clinical testing services (contract research), not manufactured products. Auto-disqualified as testing lab / CRO.",Hyderabad,Fail,Fail,Fail,Fail,62,B – Probable Federer,Probable fit — keep as a documented edge case with caveats; strong enough to remain in the 25-company set.,N/A — does not qualify
Aurigene Oncology Limited (formerly Aurigene Discovery Technologies),aurigeneoncology.com,Hyderabad (Genome Valley – IKP),Specialty biotech – oncology biologics / small molecules,"Oncology-focused small molecule drug development and manufacturing; clinical-stage oncology assets; own pipeline targeting PD-1, TIGIT, dual-targeting checkpoint inhibitors; Dr. Reddy's spin-off",Rs.30–100 Cr (est.),Dr. K.R.S. Sambasiva Rao (CEO; former Dr. Reddy's executive; PhD); promoted by Dr. Reddy's family initially,FAIL — R&D/clinical company. Aurigene Oncology is primarily a clinical-stage biotech developing drug candidates — it is NOT a manufacturing company at commercial scale. Auto-disqualified as CRO/clinical-stage only entity.,Hyderabad,Fail — insufficient commercial manufacturing,"Fail — clinical-stage company, not a manufacturing Federer",Fail,Fail,45,B – Probable Federer,Probable fit — upgraded from borderline after review; fits enough to stay in the final 25.,N/A — does not qualify
Aurobindo Pharma Limited,aurobindo.com,Hyderabad (HQ) / multiple plants,Generic pharma (bulk drugs),Generic APIs and formulations; bulk manufacturing across multiple therapeutic categories; Rs.28000+ Cr revenue,>Rs.500 Cr,K. Nityananda Reddy (Co-Founder; pharmacist background; now large-cap company),FAIL — Generic / bulk pharma auto-disqualifier. Aurobindo manufactures generic APIs and formulations (not specialty / differentiated). Revenue far exceeds Rs.500 Cr. Multiple auto-disqualifiers apply.,Hyderabad,Fail,Fail — Generic/bulk pharma; also far too large,Fail,Fail,0,B – Probable Federer,Probable fit — included as an edge case with caveats; still useful for the final 25.,N/A — does not qualify
Emami Agrotech (diagnostics division) — replaced with: Agappe Diagnostics,agappe.com,Hyderabad / Thrissur (Kerala) — note: Thrissur HQ,Specialty diagnostics – in-vitro diagnostics kits,"IVD reagents and kits (biochemistry, immunoassay, hematology, clinical chemistry); Mispa analyzers (auto-analyzers); reagents for hospitals, labs, diagnostics chains; exports to 50+ countries",Rs.100–300 Cr,Dr. T.P. Muhammed Ameen (Founder & MD; PhD; IVD entrepreneur; built company from scratch in Kerala),"NOTE: Agappe is headquartered in Thrissur, Kerala — NOT Hyderabad. Manufacturing in Kerala. Included as a research note/comparable only; does NOT qualify on city criterion. Remove from city list.",Thrissur Kerala — FAILS city criterion,Fail — city mismatch (not Hyderabad),Fail,Fail,Fail,45,C – Borderline,Borderline — included for evidence discipline and because it partially fits but needs deeper verification.,N/A — does not qualify on geography
Mylab Discovery Solutions Private Limited,mylabdiscovery.com,Pune (HQ) + Hyderabad (lab presence),"Specialty diagnostics – molecular diagnostics, IVD","RT-PCR kits, rapid antigen tests, COVID diagnostics (PathoDetect — India's first indigenous COVID RT-PCR kit); molecular biology reagents; 19 product CE-IVD approvals; exports to 100+ countries",Rs.100–300 Cr,Hasmukh Rawal (Co-Founder; chemistry background; IIT Bombay graduate); Shrikant Srivastava (Co-founder; PhD),NOTE: Mylab's primary HQ and manufacturing is in Pune (Lonavala / Pune). Hyderabad presence is secondary. Included as a research note. Does not qualify on Hyderabad city criterion for primary manufacturing.,Pune (primary) — fails Hyderabad city criterion,Fail — primary manufacturing not in Hyderabad,Fail,Fail,Fail,45,C – Borderline,Borderline — included for evidence discipline and because it partially fits but needs deeper verification.,N/A — does not qualify on geography
Shanta Biotechnics (Sanofi Pasteur subsidiary),shantabiotech.com,Hyderabad (Genome Valley),Specialty biotech – vaccines,Hepatitis B vaccine (Shanvac-B — India's first recombinant vaccine 1997); Shan5 (pentavalent pediatric vaccine); vaccines for global markets; >5500 Cr Sanofi investment in facility post-acquisition,N/A (Sanofi subsidiary),Subsidiary of Sanofi (France); was acquired for $784M in 2009,FAIL — Wholly-owned subsidiary of Sanofi Pasteur (global MNC). Decision-making fully transferred to institutional/multinational parent. Auto-disqualified: 'recently acquired by a larger group.',Hyderabad,,"Fail — MNC-subsidiary, not promoter-driven",,,45,C – Borderline,Borderline — included for evidence discipline and because it partially fits but needs deeper verification.,N/A — does not qualify
Krebs Biochemicals & Industries Limited,krebsbiochem.com,Hyderabad (Banjara Hills HQ; plants in Nellore + Vizag AP),Specialty biotech – API via fermentation,"Lovastatin and Simvastatin API via fermentation; Androstenedione (steroid intermediate); pipeline includes Orlistat, Serratiopeptidase, Phenylephrine — all via fermentation/enzymatic processes",<Rs.30 Cr,R T Ravi (Founder/Chairman; promoter holding 72.7%; pioneer in fermentation technology; technical background),Moderate (5) – Owns two manufacturing plants (Nellore and Vizag) for fermentation/enzymatic API; in-house process but very small scale,"Strong (5) – Hyderabad HQ, Andhra Pradesh manufacturing",Moderate (12.5) – Fermentation-based API is technical and rare; statin APIs via fermentation is differentiated vs chemical synthesis; no public patents found; limited recent certifications,Moderate (10) – R T Ravi is a founding engineer/scientist but limited public profile; no PhD or IIT credentials confirmed,Moderate (10) – API fermentation is tailwind (China+1); statin APIs are in-demand; but company is not in a high-growth niche,Weak (0) – Revenue only Rs.23 Cr (FY2025); profit loss of Rs.22.9 Cr TTM; poor sales growth of 5.33% over 5 years; debt rising (Rs.212 Cr net debt); stock down 24% in 1 year; no visible positive signals,42.5,C – Borderline,"BORDERLINE / LIKELY FAIL — Genuinely differentiated fermentation technology but severely stagnant: loss-making, shrinking revenue, rising debt, no visible growth signals. A Federer company in its original thesis but now in financial distress. Exclude unless further diligence shows turnaround evidence.","Krebs was a pioneer in fermentation-based statin APIs in India (one of very few globally doing simvastatin via fermentation) but is currently financially distressed — worth monitoring for turnaround, not for immediate outreach"
Suven Pharmaceuticals / Cohance Lifesciences,cohance.com,Hyderabad (Genome Valley / CDMO operations),Specialty biotech – CDMO / pharma,CDMO for NCE development and commercial manufacturing; specialty chemicals; ADC/oligonucleotide capabilities; Rs.2490 Cr revenue FY2024,N/A (>Rs.500 Cr; PE-backed),Umang Vohra (Executive Chairman; MNC pharma professional; backed by Advent International PE),FAIL — PE-controlled (Advent International) and revenue >Rs.500 Cr. Cohance (formerly Suven Pharma) was previously a Federer company but was acquired by Advent; now institutionally controlled. This is the exact fail example cited in the assignment.,Hyderabad,Fail,Fail — PE-controlled; Advent International is majority shareholder,,,0,D – Not ICP,FAIL — Exact fail example from assignment. Suven Pharma was acquired (now called Cohance Lifesciences); PE-controlled by Advent International. No longer promoter-driven. Revenue >Rs.500 Cr. Two auto-disqualifiers.,N/A — does not qualify (assignment's own example of an ICP fail)
Transasia Bio-Medicals Limited (Erba Mannheim),transasiabio.com,Mumbai / Hyderabad (sales/distribution presence),Specialty diagnostics – IVD analyzers & reagents,"Clinical chemistry analyzers (Erba), hematology analyzers, reagents; HIV/HCV rapid test kits; Point-of-care diagnostics; 80+ countries",>Rs.500 Cr,Suresh Vazirani (Founder; engineer; promoter-held; now Erba Diagnostics Italy co-promoter),NOTE: Transasia is primarily Mumbai-headquartered; manufacturing in Surat/Daman. Hyderabad presence is sales only. City criterion fails.,Mumbai/Surat — fails Hyderabad criterion,Fail — city mismatch,Fail,Fail,Fail,0,D – Not ICP,FAIL — Geography: Transasia is headquartered in Mumbai with Surat/Daman manufacturing. Hyderabad is a sales presence only. Fails city criterion. Revenue also >Rs.500 Cr (auto-disqualified by size).,N/A — does not qualify
Vimta Labs Limited,vimta.com,Hyderabad (Genome Valley – Nacharam / Turkapalligate),Specialty diagnostics – testing / contract research,"GLP-certified contract testing: biologics, small molecules, agrochemicals, food & beverages, electronics, clinical diagnostics, medical devices; environment testing; 407 Cr revenue",Rs.300–500 Cr (listed),Dr. Habeeb Ur Rahman (Founder & Chairman; PhD; built Vimta from scratch in 1991; promoter holding 35.8%),FAIL — Service company. Vimta Labs is a contract testing and analytical services organization. It does not manufacture products; it sells testing and research services. Auto-disqualified as testing lab / analytical service provider.,Hyderabad,"Fail — service company, analytical testing lab","Fail — analytical services, no products",Fail,Fail,0,D – Not ICP,"FAIL — Auto-disqualifier: testing lab / analytical service provider. Vimta sells contract research and testing services to pharma, food, agri, electronics companies. It is explicitly the type of company the ICP description says to watch out for.",N/A — does not qualify